{
  "p": 1.1131253732848405,
  "q": 0.584242820729791,
  "P": 3.3926855412266743,
  "Q": 0.8853327469240055,
  "e_irr": 0.35449737765209993,
  "R": 8.410028810517371,
  "r": 2.5829307382669966
}